generation,genome_id,episode,reward,initial_distance,final_distance,avg_distance,distance_improvement,steps,goal_reached,initial_x,initial_z,final_x,final_z,target_x,target_z
0,1,1,-95.06745359995656,2273.0080154215575,4084.3570874206885,3212.027604487887,-1811.349071999131,30,False,-1171.008,0.2647766,-2962.74,-399.8269,1102.0,0.0
0,1,2,-106.00056675873526,2273.003015585632,4303.014350760337,3277.6165717681324,-2030.011335174705,30,False,-1171.003,0.2661811,-3182.399,-399.8221,1102.0,0.0
0,1,3,-101.24767591052658,2273.000015486272,4207.953533696803,3244.847298820177,-1934.953518210531,30,False,-1171.0,0.2653311,-3086.909,-399.8929,1102.0,0.0
0,2,1,1.7304825974081255,2273.0000155732187,2148.390363625056,2151.5669203964517,124.60965194816254,30,False,-1171.0,0.2660749,-1008.574,-401.321,1102.0,0.0
0,2,2,2.1199646568507196,2273.0080153111626,2140.608722174148,2143.9753689423055,132.3992931370144,30,False,-1171.008,0.2638272,-1000.868,-400.1898,1102.0,0.0
0,2,3,1.9502290463489107,2273.0000156427823,2143.995434715804,2156.5218416564962,129.00458092697818,30,False,-1171.0,0.2666685,-1002.503,-409.6139,1102.0,0.0
0,3,1,2.012598428656996,2273.0000157255554,2142.7480471524154,2145.526827798111,130.25196857313995,30,False,-1171.0,0.2673731,-1002.339,-403.8893,1102.0,0.0
0,3,2,2.118170600593952,2273.0050159513635,2140.6416039394844,2146.749116860149,132.36341201187906,30,False,-1171.005,0.2692862,-1000.803,-400.7069,1102.0,0.0
0,3,3,1.989371043516439,2273.0000158165913,2143.2125949462625,2145.45946703833,129.7874208703288,30,False,-1171.0,0.2681459,-1002.867,-403.6027,1102.0,0.0
0,4,1,-102.84199521806538,2273.000015686785,4239.839920048092,3194.0697518498346,-1966.8399043613067,30,False,-1171.0,0.2670433,-3103.695,-537.0029,1102.0,0.0
0,4,2,-98.25070595637368,2273.000015803735,4148.014134931208,3164.3149973579334,-1875.014119127473,30,False,-1171.0,0.2680369,-3027.645,-389.9403,1102.0,0.0
0,4,3,-104.66169730263051,2273.0010152978534,4276.234961350463,3259.0412026027234,-2003.2339460526096,30,False,-1171.001,0.2637121,-3157.48,-378.174,1102.0,0.0
0,5,1,23.808179594713142,2273.00001570091,1724.7964238066472,1813.0622029046908,548.2035918942627,30,False,-1171.0,0.2671635,-563.1732,-449.5786,1102.0,0.0
0,5,2,20.676733254805143,2273.000015824815,1776.9553507287121,1894.0536499844973,496.0446650961028,30,False,-1171.0,0.2682156,-648.1794,-307.3148,1102.0,0.0
0,5,3,22.478379937184872,2273.0000157532577,1740.4474170095602,1850.5509717896507,532.5525987436974,30,False,-1171.0,0.2676085,-611.6647,-304.1554,1102.0,0.0
0,6,1,14.79144355735927,2273.0060154222706,1903.2321442750854,1673.7764362308726,369.7738711471852,30,False,-1171.006,0.2647826,-569.9487,-909.3295,1102.0,0.0
0,6,2,35.134838385835785,2273.0000154093714,1505.3632476926557,1593.1640058613555,767.6367677167157,30,False,-1171.0,0.2646715,-161.1263,-818.9203,1102.0,0.0
0,6,3,43.08231275339337,2273.0000156998753,1346.3637606320078,1492.1458839487807,926.6362550678675,30,False,-1171.0,0.2671547,-20.16355,-743.9384,1102.0,0.0
0,7,1,5.358673224664402,2273.004015264032,2075.830550770744,2127.12835996994,197.17346449328807,30,False,-1171.004,0.2634206,-939.9351,-373.5954,1102.0,0.0
0,7,2,3.8513145362726844,2273.0000156605965,2105.973724935143,2133.8783621852426,167.0262907254537,30,False,-1171.0,0.2668203,-969.0594,-381.8878,1102.0,0.0
0,7,3,5.114667733549253,2273.0000157288023,2080.706661057817,2133.050925595978,192.29335467098508,30,False,-1171.0,0.2674007,-943.1046,-383.2589,1102.0,0.0
0,8,1,20.628210125588627,2273.0030153104767,1779.4638127987043,1738.7069709185146,493.5392025117724,30,False,-1171.003,0.263821,-89.61855,1321.566,1102.0,0.0
0,8,2,24.30306671554824,2273.0010155601626,1705.949681249198,1634.0160577292431,567.0513343109646,30,False,-1171.001,0.2659634,441.0032,1572.688,1102.0,0.0
0,8,3,-14.746545325399609,2273.000015768767,2486.945922276759,2094.952647232602,-213.94590650799228,30,False,-1171.0,0.2677402,-1099.395,1157.048,1102.0,0.0
0,9,1,20.408965576517804,2273.0000156535075,1774.8207041231517,1884.032823213421,498.1793115303558,30,False,-1171.0,0.2667599,-667.1708,-141.5034,1102.0,0.0
0,9,2,20.731737431065753,2273.007015616794,1768.372266995479,1871.7383386636282,504.6347486213149,30,False,-1171.007,0.2664473,-658.9777,-161.5488,1102.0,0.0
0,9,3,11.571146015671886,2273.000015718392,1986.7920954049546,1943.256949922655,286.2079203134376,30,False,-1171.0,0.2673122,-790.6656,-604.2845,1102.0,0.0
0,10,1,55.00620380626194,2273.0000158108583,1103.8909396856195,1402.9365784949673,1169.1090761252387,30,False,-1171.0,0.2680973,1388.352,-1066.104,1102.0,0.0
0,10,2,64.90637742195068,2273.0000156515002,906.3974672124862,1335.693182851945,1366.602548439014,30,False,-1171.0,0.2667428,1145.482,-905.3539,1102.0,0.0
0,10,3,48.878655905960315,2273.0120155938976,1205.4388974746914,1454.8790045355427,1067.5731181192061,30,False,-1171.012,0.2662522,1104.643,-1205.436,1102.0,0.0
0,11,1,28.45278218025936,2273.0020153613864,1613.9463717561994,1887.0459163232908,659.055643605187,30,False,-1171.002,0.2642592,-484.8224,-294.6482,1102.0,0.0
0,11,2,-10.02138561006478,2273.000015767106,2400.6877279684018,2082.230822125762,-127.68771220129565,30,False,-1171.0,0.2677261,-1298.611,-19.19359,1102.0,0.0
0,11,3,-9.178861085766126,2273.0000153330225,2373.822237048345,2262.659430990552,-100.82222171532248,30,False,-1171.0,0.264015,-1246.466,346.0339,1102.0,0.0
0,12,1,-10.084742696200236,2273.0000155422254,2384.69486946623,2030.2186045701471,-111.69485392400475,30,False,-1171.0,0.26581,345.3116,-2261.458,1102.0,0.0
0,12,2,20.362119936190716,2273.0000157177105,1775.7576169938961,1683.4620621134668,497.2423987238144,30,False,-1171.0,0.2673064,901.1472,-1764.362,1102.0,0.0
0,12,3,28.79785289082075,2273.0000157655045,1607.04295794909,1692.8296124661645,665.9570578164146,30,False,-1171.0,0.2677125,631.1176,-1536.508,1102.0,0.0
0,13,1,2.2576436333310532,2273.0090156971337,2137.8561430305126,2144.9447368629176,135.15287266662108,30,False,-1171.009,0.2671319,-998.3691,-398.5957,1102.0,0.0
0,13,2,2.205807948214076,2273.000015775635,2138.8838568113533,2146.2260111453666,134.11615896428157,30,False,-1171.0,0.2677985,-999.2855,-399.2786,1102.0,0.0
0,13,3,2.3799813476760603,2273.0060157316198,2135.4063887780985,2142.716732438766,137.59962695352124,30,False,-1171.006,0.267425,-997.4386,-390.2794,1102.0,0.0
0,14,1,2.0714030751662427,2273.009015382727,2141.580953879402,2149.3929371603053,131.4280615033249,30,False,-1171.009,0.2644431,-1001.629,-401.3901,1102.0,0.0
0,14,2,2.1486100982752294,2273.0000155143002,2140.0278135487956,2145.0678631282667,132.9722019655046,30,False,-1171.0,0.2655711,-1000.194,-400.6238,1102.0,0.0
0,14,3,2.0893862179791745,2273.0000157084564,2141.212291348873,2144.870322024081,131.78772435958354,30,False,-1171.0,0.2672277,-1001.695,-399.0707,1102.0,0.0
0,15,1,0.6125810337042131,2273.00001574457,2170.748395070486,2152.949341321216,102.25162067408428,30,False,-1171.0,0.2675347,-1023.385,-441.4603,1102.0,0.0
0,15,2,0.7648682743619004,2273.0000154807744,2167.7026499935364,2154.7069337162015,105.29736548723804,30,False,-1171.0,0.265284,-1019.583,-444.77,1102.0,0.0
0,15,3,0.25884495924048956,2273.000015617522,2177.823116432712,2167.1530520693223,95.17689918480983,30,False,-1171.0,0.2664531,-1029.059,-448.8887,1102.0,0.0
0,16,1,42.24130670182646,2273.000015495612,1401.9238814590828,1532.8661437631135,871.0761340365291,30,False,-1171.0,0.2654111,-234.9171,-421.9517,1102.0,0.0
0,16,2,44.491996791884034,2273.0110155754614,1352.2210797377809,1527.3792191408324,920.7899358376806,30,False,-1171.011,0.2660947,-168.2615,-463.6136,1102.0,0.0
0,16,3,49.72866211786235,2273.001015328939,1251.937772971692,1459.5663094576596,1021.063242357247,30,False,-1171.001,0.2639799,-53.3304,-482.2446,1102.0,0.0
0,17,1,9.842730044838959,2273.0100153087355,1986.1554144119564,2098.870736090827,286.8546008967792,30,False,-1171.01,0.2638064,-875.8807,-181.1112,1102.0,0.0
0,17,2,9.119734006249994,2273.0000158193284,2000.6053356943285,1994.7460393436738,272.3946801249999,30,False,-1171.0,0.2681691,-898.1964,40.44837,1102.0,0.0
0,17,3,13.330894107640688,2273.000015707363,1916.3821335545495,1991.870130391667,356.61788215281376,30,False,-1171.0,0.2672184,-814.3348,13.46908,1102.0,0.0
0,18,1,2.153112745733686,2273.0000157313198,2139.937760816646,2145.0581287349087,133.06225491467376,30,False,-1171.0,0.2674221,-1000.028,-401.0136,1102.0,0.0
0,18,2,2.1513224571913496,2273.0020153597125,2139.9755662158855,2144.95971045222,133.026449143827,30,False,-1171.002,0.2642448,-1000.424,-399.135,1102.0,0.0
0,18,3,2.1443211473201913,2273.0050154184564,2140.1185924720526,2144.965498278717,132.88642294640385,30,False,-1171.005,0.2647498,-1000.549,-399.2434,1102.0,0.0
0,19,1,11.088341011990599,2273.000015741545,1961.2331955017332,2004.8973866335627,311.766820239812,30,False,-1171.0,0.267509,-837.3795,-291.9637,1102.0,0.0
0,19,2,10.066906059108042,2273.012015190199,1981.673894008038,2039.1777018720804,291.3381211821609,30,False,-1171.012,0.2627832,-856.1703,-304.3033,1102.0,0.0
0,19,3,16.882446759282146,2273.0000155404246,1845.3510803547817,1936.819508947346,427.6489351856428,30,False,-1171.0,0.2657946,-725.0416,-259.306,1102.0,0.0
0,20,1,-122.29016145853248,2273.0060156085965,4628.809244779245,3409.171852837602,-2355.8032291706486,30,False,-1171.006,0.2663773,-3525.007,-129.1559,1102.0,0.0
0,20,2,-75.57751066036971,2273.0000156751207,3694.5502288825146,3217.766975581281,-1421.5502132073939,30,False,-1171.0,0.266944,-2589.878,140.4928,1102.0,0.0
0,20,3,-116.218457646924,2273.000015704542,4507.369168643021,3407.9644980071957,-2234.369152938479,30,False,-1171.0,0.2671944,-3405.264,30.79053,1102.0,0.0
1,10,1,47.380140579474194,2273.0000153101373,1235.3972037206536,1519.0426294265906,1037.6028115894837,30,False,-1171.0,0.2638179,797.1041,-1197.182,1102.0,0.0
1,10,2,42.483401586765254,2273.0000156347237,1333.331983899419,1525.7140629088933,939.6680317353048,30,False,-1171.0,0.2665998,853.7996,-1310.027,1102.0,0.0
1,10,3,7.729198731051925,2273.0000158446924,2028.416041223654,1912.6190677400116,244.58397462103835,30,False,-1171.0,0.268384,552.6212,-1952.602,1102.0,0.0
1,16,1,38.22772034509736,2273.000015373377,1497.8356084714303,1584.096702550848,775.1644069019469,30,False,-1171.0,0.2643622,-334.1807,-425.3193,1102.0,0.0
1,16,2,49.55521193843613,2273.000015735461,1285.6307769667387,1489.9667048598099,987.3692387687224,30,False,-1171.0,0.2674573,-117.2247,-407.8451,1102.0,0.0
1,16,3,46.23681436515273,2273.0060156092413,1310.924728306187,1494.2827647292795,962.0812873030543,30,False,-1171.006,0.2663828,-132.6559,-440.6228,1102.0,0.0
1,21,1,13.35398646476765,2273.000015732461,1947.755286437108,1507.727645670928,325.2447292953532,30,False,-1171.0,0.2674318,-832.6709,225.3867,1102.0,0.0
1,21,2,50.546629286013356,2273.0080154513926,1223.8704297311256,1556.0823147129624,1049.137585720267,30,False,-1171.008,0.2650326,124.9705,737.07,1102.0,0.0
1,21,3,96.34505633645696,2273.000015747548,407.03388901840844,1084.8734424785805,1865.9661267291394,30,False,-1171.0,0.26756,717.1696,-132.5977,1102.0,0.0
1,22,1,-17.64389668719029,2273.0000154810778,2535.8779492248837,2409.1810718180573,-262.8779337438059,30,False,-1171.0,0.2652866,-1424.617,-216.526,1102.0,0.0
1,22,2,1.7975409057721157,2273.009015417101,2147.0581973016588,2311.0450104008232,125.95081811544242,30,False,-1171.009,0.2647384,-1017.788,-341.1125,1102.0,0.0
1,22,3,-2.047208293282626,2273.003015838331,2223.9471817039835,2320.269247338685,49.055834134347606,30,False,-1171.003,0.2683303,-1107.839,-250.1053,1102.0,0.0
1,23,1,36.895853847194566,2273.0000155091366,1445.0829385652455,1603.7693208510618,827.9170769438911,30,False,-1171.0,0.2655269,-343.0759,-4.510274,1102.0,0.0
1,23,2,2.2415156000802234,2273.000015726508,2171.184703724904,1731.6956289881375,101.81531200160407,30,False,-1171.0,0.2673812,486.517,-2082.12,1102.0,0.0
1,23,3,41.778880165772044,2273.000015736426,1358.1874124209853,1362.3498944624157,914.8126033154408,30,False,-1171.0,0.2674655,8.252841,-805.2268,1102.0,0.0
1,24,1,-32.70117353966411,2273.000015468417,2837.0234862616994,2074.714421305586,-564.0234707932823,30,False,-1171.0,0.2651781,-1734.774,-37.62359,1102.0,0.0
1,24,2,-36.954596052205076,2273.000015743028,2922.0919367871297,2214.5445924470873,-649.0919210441016,30,False,-1171.0,0.2675216,-1797.21,-364.9694,1102.0,0.0
1,24,3,-35.84797865079445,2273.010015863284,2899.969588879173,2175.109938093351,-626.959573015889,30,False,-1171.01,0.268542,-1737.073,-591.1752,1102.0,0.0
1,25,1,48.25275634543345,2273.000015666396,1279.2198887577265,1499.7152578908167,993.7801269086694,30,False,-1171.0,0.2668697,-122.0182,-371.7297,1102.0,0.0
1,25,2,49.04489665561583,2273.006015790395,1261.9430826780783,1475.3393472528753,1011.0629331123166,30,False,-1171.006,0.2679241,-82.27347,-435.8861,1102.0,0.0
1,25,3,48.1054013947566,2273.000015611673,1298.216987716541,1527.600955177855,974.7830278951319,30,False,-1171.0,0.2664032,-136.1334,-390.3755,1102.0,0.0
1,26,1,44.56810793809114,2273.0000154363743,1362.602856674552,1532.4261666285968,910.3971587618223,30,False,-1171.0,0.2649033,-173.1226,-480.3633,1102.0,0.0
1,26,2,51.5528493811919,2273.000015258045,1202.4680276342071,1494.7058755315707,1070.531987623838,30,False,-1171.0,0.2633687,5.982484,-494.6463,1102.0,0.0
1,26,3,29.42992158682783,2273.000015544494,1641.9365838079375,1738.9160705525496,631.0634317365566,30,False,-1171.0,0.2658294,-479.3312,-441.9812,1102.0,0.0
1,27,1,58.15255995416602,2273.000015595538,1164.5138165122173,1206.0082488455166,1108.4861990833208,30,False,-1171.0,0.2662655,114.9169,-617.8668,1102.0,0.0
1,27,2,55.11037613799898,2273.0140159250464,1189.3714931650666,1219.8746128681255,1083.6425227599798,30,False,-1171.014,0.2690645,259.8663,-839.8901,1102.0,0.0
1,27,3,46.61838813626805,2273.000015674663,1359.4972529493011,1198.8806617476826,913.5027627253617,30,False,-1171.0,0.2669401,54.14919,-866.1648,1102.0,0.0
1,28,1,17.6973214599224,2273.0000155312814,1829.0535863328334,1799.7912268170924,443.94642919844796,30,False,-1171.0,0.2657164,-717.8306,-183.4492,1102.0,0.0
1,28,2,41.009419375109445,2273.001015452385,1362.8126279501962,1736.117546565914,910.188387502189,30,False,-1171.001,0.2650407,-231.2354,-282.3856,1102.0,0.0
1,28,3,35.88948623376819,2273.00001575865,1465.2102910832866,1749.762257606942,807.7897246753635,30,False,-1171.0,0.2676543,-329.2926,-313.4369,1102.0,0.0
1,29,1,16.75176593098101,2273.0080153503727,1847.9726967307527,2055.7105416766376,425.03531861962006,30,False,-1171.008,0.2641648,-741.9637,-121.6592,1102.0,0.0
1,29,2,7.143893494648421,2273.000015716605,2040.1221458236366,2016.7319941766323,232.87786989296842,30,False,-1171.0,0.267297,-930.196,-179.6602,1102.0,0.0
1,29,3,8.292558817177433,2273.0000154693503,2017.1488391258017,1991.8028483339463,255.85117634354856,30,False,-1171.0,0.2651861,-905.5681,-196.3664,1102.0,0.0
1,30,1,41.8419064005697,2273.006016096267,1382.7028880848734,1602.439169155148,890.3031280113937,30,False,-1171.006,0.2705066,-217.4185,413.524,1102.0,0.0
1,30,2,2.2605219131811722,2273.0130162644673,2171.792578000844,1771.9498896536745,101.22043826362324,30,False,-1171.013,0.2719167,-1069.062,-56.32756,1102.0,0.0
1,30,3,28.81021847910329,2273.0050159259376,1657.000646343872,1643.3517465466432,616.0043695820657,30,False,-1171.005,0.2690715,-455.4124,565.7895,1102.0,0.0
1,31,1,21.443469529033084,2273.0000157597337,1754.130625179072,1974.132186400738,518.8693905806617,30,False,-1171.0,0.2676635,-651.1434,-58.84275,1102.0,0.0
1,31,2,20.17205415942943,2273.0050154073697,1779.563932218781,1956.2056646716685,493.44108318858866,30,False,-1171.005,0.2646546,-662.6039,-230.2626,1102.0,0.0
1,31,3,16.022993904687134,2273.020015545398,1862.5601374516555,1961.1735872605393,410.45987809374265,30,False,-1171.02,0.2658383,-750.0712,-197.3893,1102.0,0.0
1,32,1,1.6489783626020633,2273.000015726755,2150.0204484747137,2157.3120940101253,122.9795672520413,30,False,-1171.0,0.2673833,-1008.397,-410.8679,1102.0,0.0
1,32,2,0.8700240706290298,2273.0000155547173,2165.5995341421367,2172.235480657217,107.40048141258058,30,False,-1171.0,0.2659168,-1022.75,-418.6392,1102.0,0.0
1,32,3,2.1131050765188304,2273.010015533107,2140.7479140027303,2147.8056731681654,132.26210153037664,30,False,-1171.01,0.2657326,-1000.378,-403.4952,1102.0,0.0
1,33,1,2.168907243313059,2273.0000157288023,2139.621870862541,2162.644423998278,133.3781448662612,30,False,-1171.0,0.2674007,-999.5634,-401.7624,1102.0,0.0
1,33,2,0.6322163643369533,2273.011016294115,2170.366689007376,2165.254551648326,102.6443272867391,30,False,-1171.011,0.2721643,-1035.683,-375.2372,1102.0,0.0
1,33,3,1.2120465697566918,2273.0110156815754,2158.7700842864415,2156.1449653683917,114.24093139513388,30,False,-1171.011,0.2669996,-1022.218,-384.6897,1102.0,0.0
1,34,1,-40.53014143013077,2273.0000157460886,3001.732844348704,2204.4899685244013,-728.7328286026154,30,False,-1171.0,0.2675476,-778.3976,-2339.766,1102.0,0.0
1,34,2,-103.8282647028197,2273.0070156088123,4267.302309665206,2959.4110392833522,-1994.2952940563937,30,False,-1171.007,0.2663792,-2494.495,-2296.757,1102.0,0.0
1,34,3,-49.744374254787374,2273.0050154409214,3185.157500536669,2388.830164195084,-912.1524850957476,30,False,-1171.005,0.2649426,-787.9,-2563.885,1102.0,0.0
1,35,1,57.295143424531354,2273.000015495904,1100.2321470052764,1332.6562957638123,1172.7678684906275,30,False,-1171.0,0.2654136,159.67,-567.9128,1102.0,0.0
1,35,2,75.27867931281187,2273.0000157615473,773.22642950531,1182.4299699819212,1499.7735862562372,30,False,-1171.0,0.2676789,479.5148,-458.6843,1102.0,0.0
1,35,3,73.70416898597064,2273.0000157506674,773.876636031254,1188.8100998268226,1499.1233797194136,30,False,-1171.0,0.2675865,330.4583,60.0704,1102.0,0.0
1,36,1,2.81569560920161,2273.0000154397076,2126.6861032556753,2127.3221177856954,146.31391218403223,30,False,-1171.0,0.2649319,-1009.502,-253.6791,1102.0,0.0
1,36,2,6.3183846365702045,2273.002015531046,2056.6343227996417,2125.039558099014,216.36769273140408,30,False,-1171.002,0.2657145,-932.6123,-300.1625,1102.0,0.0
1,36,3,-0.09199074836219667,2273.000015708762,2184.839830676006,2142.2475994173797,88.16018503275609,30,False,-1171.0,0.2672303,-1065.051,-278.2356,1102.0,0.0
1,37,1,2.8135195454961366,2273.0100162689396,2126.739625359017,2131.6022226230684,146.27039090992275,30,False,-1171.01,0.2719539,-984.1386,-413.5785,1102.0,0.0
1,37,2,2.2133132455014444,2273.0090157487452,2138.7427508387163,2148.393921459876,134.2662649100289,30,False,-1171.009,0.2675707,-998.837,-400.8796,1102.0,0.0
1,37,3,2.0578595584939867,2273.0000155236835,2141.8428243538037,2142.865855820329,131.15719116987975,30,False,-1171.0,0.2656514,-999.7418,-412.5192,1102.0,0.0
1,38,1,1.0098560759986388,2273.000015906766,2162.802894386793,2158.794611349096,110.19712151997282,30,False,-1171.0,0.2689092,-1031.259,-356.2617,1102.0,0.0
1,38,2,1.9785102232041694,2273.009015552632,2143.4388110885484,2144.3437341442886,129.57020446408342,30,False,-1171.009,0.2658995,-1015.509,-332.3937,1102.0,0.0
1,38,3,2.374879359115948,2273.000015854506,2135.502428672187,2154.4635459563733,137.49758718231897,30,False,-1171.0,0.2684671,-1004.292,-352.0009,1102.0,0.0
2,35,1,92.41498257392776,2273.0120159604257,461.8373644818704,1124.6307394150922,1811.1746514785555,30,False,-1171.012,0.2693631,788.325,-338.9716,1102.0,0.0
2,35,2,78.78485947201833,2273.0000157365675,688.9378262962008,1222.4064191233376,1584.0621894403666,30,False,-1171.0,0.2674667,419.4583,-93.65979,1102.0,0.0
2,35,3,60.5668789983258,2273.009015626347,1025.331435659831,1306.6526174147405,1247.6775799665159,30,False,-1171.009,0.2665289,122.0428,-301.6429,1102.0,0.0
2,21,1,-1.5208475879605192,2273.014015956371,2223.005967715582,1719.230839644602,50.00804824078932,30,False,-1171.014,0.269329,221.2553,-2041.089,1102.0,0.0
2,21,2,43.41045262991389,2273.004015401916,1371.0699628036382,1515.8479501056977,901.934052598278,30,False,-1171.004,0.2646077,-40.1269,758.5374,1102.0,0.0
2,21,3,3.8241961380713265,2273.0100155372693,2137.1460927758426,1604.1123394940844,135.8639227614267,30,False,-1171.01,0.2657682,-917.8623,-698.2476,1102.0,0.0
2,39,1,13.840464249061744,2273.0000157506674,1924.2207307694327,1759.6924089577146,348.7792849812347,30,False,-1171.0,0.2675865,-619.4261,859.8358,1102.0,0.0
2,39,2,11.72155185752609,2273.0050157914743,1966.6239786409524,1730.2631224685595,306.38103715052193,30,False,-1171.005,0.2679332,-643.9134,905.2051,1102.0,0.0
2,39,3,6.45284971350413,2273.0060153846903,2079.4940211146077,1812.0929500881493,193.5119942700826,30,False,-1171.006,0.2644598,-812.7404,811.2118,1102.0,0.0
2,40,1,40.467067102948015,2273.0050157233686,1381.3336736644083,1764.611865594136,891.6713420589604,30,False,-1171.005,0.2673548,470.8039,-1228.688,1102.0,0.0
2,40,2,37.019293908376234,2273.01201634452,1449.6561381769952,1701.0137410774043,823.3558781675247,30,False,-1171.012,0.272585,333.3032,-1229.068,1102.0,0.0
2,40,3,45.89116835942768,2273.000015844527,1265.1766486559732,1935.4719483688464,1007.8233671885537,30,False,-1171.0,0.2683826,344.7344,-1013.519,1102.0,0.0
2,41,1,2.1870340016559764,2273.0120155661134,2139.271335532994,2143.116082335267,133.7406800331196,30,False,-1171.012,0.2660149,-997.1384,-412.4316,1102.0,0.0
2,41,2,2.5047372176419436,2273.0070152865032,2132.9122709336643,2143.1512815774468,140.09474435283892,30,False,-1171.007,0.2636146,-991.9754,-405.6868,1102.0,0.0
2,41,3,1.877409162382648,2273.00101549912,2145.452832251467,2145.0613364178607,127.54818324765301,30,False,-1171.001,0.2654412,-1003.644,-411.3772,1102.0,0.0
2,42,1,126.80272477901119,2273.003015385641,61.82851980541749,1182.171200220628,2211.1744955802237,22,True,-1171.003,0.2644678,1135.421,52.01733,1102.0,0.0
2,42,2,103.67940946001853,2273.0100158562077,278.7018266558366,979.2387684397538,1994.308189200371,30,False,-1171.01,0.2684821,846.4551,111.2273,1102.0,0.0
2,42,3,126.06304081068023,2273.0000158194107,66.15919960580605,1305.3924562429163,2206.8408162136047,21,True,-1171.0,0.2681698,1037.063,12.65803,1102.0,0.0
2,43,1,-22.54459611016415,2273.000015741545,2700.066937944828,1817.6539294515921,-427.06692220328296,30,False,-1171.0,0.267509,-1471.279,-817.6776,1102.0,0.0
2,43,2,64.86932411807871,2273.000015789776,1010.7585334282021,1328.5848561222351,1262.241482361574,30,False,-1171.0,0.2679185,131.3153,-281.7872,1102.0,0.0
2,43,3,32.70012645329728,2273.0000153545993,1586.2774862886538,1421.3313187372817,686.7225290659455,30,False,-1171.0,0.2642007,-478.838,131.2535,1102.0,0.0
2,44,1,-6.531247540535811,2273.0000153302117,2313.624966140928,2234.0392068914553,-40.6249508107162,30,False,-1171.0,0.2639908,-1184.743,-351.6631,1102.0,0.0
2,44,2,-4.640011406389567,2273.0110162671735,2275.811244394965,2222.954676224929,-2.8002281277913426,30,False,-1171.011,0.2719392,-1150.776,-322.9816,1102.0,0.0
2,44,3,-4.545995472088769,2273.000015600318,2273.9199250420934,2220.712758976733,-0.9199094417754168,30,False,-1171.0,0.2663063,-1127.589,-446.8162,1102.0,0.0
2,45,1,32.52823437825558,2273.0060160584917,1571.3713284933801,1427.8230282312893,701.6346875651116,30,False,-1171.006,0.270189,-265.0487,-774.8456,1102.0,0.0
2,45,2,51.69559059472659,2273.0010159358994,1195.2042040413678,1425.3102911850908,1077.7968118945316,30,False,-1171.001,0.2691554,301.237,-887.2946,1102.0,0.0
2,45,3,27.14886542457195,2273.00001581376,1674.452707322321,1453.750554420577,598.547308491439,30,False,-1171.0,0.2681219,-455.7152,-614.2599,1102.0,0.0
2,46,1,1.7962492447377605,2273.000015703143,2147.075030808388,2144.831242824745,125.9249848947552,30,False,-1171.0,0.2671825,-1008.798,-393.0178,1102.0,0.0
2,46,2,1.8091003658770874,2273.0070152690423,2146.8250079515005,2144.8213786539213,126.18200731754177,30,False,-1171.007,0.263464,-1008.591,-392.7636,1102.0,0.0
2,46,3,2.2222002391306637,2273.000015555969,2138.556010773356,2145.4449641075175,134.44400478261332,30,False,-1171.0,0.2659275,-998.9197,-399.4474,1102.0,0.0
2,47,1,-10.747389546440514,2273.000015822089,2416.0078067508994,1872.2304442456227,-143.0077909288102,30,False,-1171.0,0.2681925,-623.2977,1691.284,1102.0,0.0
2,47,2,26.937634024274143,2273.0000157473833,1672.0823352619004,1474.951112210159,600.9176804854828,30,False,-1171.0,0.2675586,167.5217,-1386.582,1102.0,0.0
2,47,3,74.27981903054625,2273.0100155225873,804.3136349116618,1172.4807847741613,1468.6963806109256,30,False,-1171.01,0.2656426,306.7759,-120.578,1102.0,0.0
2,48,1,39.258199147724206,2273.000015769827,1450.8160328153429,1596.4561570217531,822.183982954484,30,False,-1171.0,0.2677492,-234.7901,-563.7902,1102.0,0.0
2,48,2,90.46243336921398,2273.000015494561,502.7063481102809,1238.505326463225,1770.29366738428,30,False,-1171.0,0.2654021,599.4249,-11.48657,1102.0,0.0
2,48,3,52.07365735466627,2273.0110158581147,1232.5628687647895,1593.3179890817125,1040.4481470933251,30,False,-1171.011,0.2684983,-62.84559,-402.9218,1102.0,0.0
2,49,1,3.0562723389105466,2273.00001574111,2121.874568962899,2142.5919874527362,151.12544677821097,30,False,-1171.0,0.2675053,-986.6757,-373.879,1102.0,0.0
2,49,2,2.407165628560004,2273.0000156625924,2134.8567030913923,2153.588478133063,138.1433125712001,30,False,-1171.0,0.2668373,-1015.482,-271.8145,1102.0,0.0
2,49,3,2.4511248382480053,2273.000015706423,2133.9775189414627,2152.2663814327484,139.02249676496012,30,False,-1171.0,0.2672104,-1013.436,-280.6966,1102.0,0.0
2,50,1,10.82992680242273,2273.0070154318055,1982.058479383351,2090.218970517861,290.94853604845457,30,False,-1171.007,0.2648645,-821.945,-476.4362,1102.0,0.0
2,50,2,9.372424898758162,2273.000015703719,2016.7915177285556,2107.5218791363845,256.20849797516325,30,False,-1171.0,0.2671874,-862.6669,-455.5568,1102.0,0.0
2,50,3,14.627687976442916,2273.000015750797,1898.5912562219387,2046.342104454227,374.40875952885835,30,False,-1171.0,0.2675876,-718.1908,-539.9576,1102.0,0.0
2,51,1,1.6716193503406416,2273.000015639662,2149.567628632849,2155.794302957691,123.43238700681286,30,False,-1171.0,0.2666419,-1007.098,-415.1465,1102.0,0.0
2,51,2,1.8597910736384828,2273.003015320576,2145.8071938478065,2157.4799543095382,127.1958214727697,30,False,-1171.003,0.263908,-1007.887,-390.98,1102.0,0.0
2,51,3,0.47451773671179964,2273.0070154448827,2173.5166607106466,2156.1674897814337,99.490354734236,30,False,-1171.007,0.2649767,-1030.714,-419.1726,1102.0,0.0
2,52,1,-62.39283147576278,2273.00001570848,3439.871645223736,2340.420414321082,-1166.8716295152558,30,False,-1171.0,0.2672279,-2312.338,418.3455,1102.0,0.0
2,52,2,37.181181917515595,2273.000015752728,1456.5313774024162,1667.6845893971524,816.4686383503117,30,False,-1171.0,0.267604,-319.5883,-317.1283,1102.0,0.0
2,52,3,-38.8864270084149,2273.004015439261,2978.792555607559,2136.892431711345,-705.7885401682979,30,False,-1171.004,0.2649283,-1772.099,-782.7899,1102.0,0.0
2,53,1,2.37295443111559,2273.0000157499494,2135.5409271276376,2148.4543059775756,137.4590886223118,30,False,-1171.0,0.2675804,-995.1201,-403.2646,1102.0,0.0
2,53,2,2.1885473755000238,2273.000015703143,2139.2290681931427,2152.6677450657703,133.7709475100005,30,False,-1171.0,0.2671825,-999.4237,-400.3991,1102.0,0.0
2,53,3,1.9407937560443056,2273.006015636125,2144.190140515239,2154.6721843377873,128.81587512088618,30,False,-1171.006,0.2666121,-1002.191,-412.2276,1102.0,0.0
2,54,1,64.78439232916074,2273.0000158145385,993.2971692313232,1170.2716582436235,1279.7028465832154,30,False,-1171.0,0.2681285,1262.945,-980.1714,1102.0,0.0
2,54,2,74.20891664856967,2273.0000157260024,765.3316827546081,1119.2807362151805,1507.6683329713942,30,False,-1171.0,0.2673769,1489.132,-660.198,1102.0,0.0
2,54,3,78.79803389968538,2273.016016520722,681.6853385270142,1046.781761184874,1591.330677993708,30,False,-1171.016,0.2740506,1284.133,656.9037,1102.0,0.0
2,55,1,2.744357562686331,2273.0050153731577,2128.117864119431,2141.468150797834,144.88715125372664,30,False,-1171.005,0.2643606,-988.3984,-398.8987,1102.0,0.0
2,55,2,3.9355868280108095,2273.014015537768,2104.302278977552,2137.9394491855637,168.7117365602162,30,False,-1171.014,0.2657727,-965.6766,-390.8984,1102.0,0.0
2,55,3,3.8351638333720057,2273.000015688571,2106.2967390211306,2138.75531761646,166.70327666744015,30,False,-1171.0,0.2670585,-967.5204,-391.8817,1102.0,0.0
2,56,1,6.010191675324674,2273.0000157383324,2062.796182231839,2081.323803042396,210.20383350649354,30,False,-1171.0,0.2674817,-941.11,-284.3055,1102.0,0.0
2,56,2,6.114665627749739,2273.000015678057,2060.706703123062,2085.3401498111507,212.29331255499483,30,False,-1171.0,0.266969,-937.7384,-293.2224,1102.0,0.0
2,56,3,6.357642178866372,2273.0000157110076,2055.84717213368,2083.406408408032,217.15284357732753,30,False,-1171.0,0.2672494,-931.2451,-304.0098,1102.0,0.0
